feature	Lachnospiraceae.NK4A136.group	Methylobacterium	Streptococcus	Neisseriaceae	Paucibacter	Rhodococcus	Micrococcus	Massilia	Dermacoccus	Lactobacillus	Actinomyces	Noviherbaspirillum	Deinococcus	Aeromonas	Brevundimonas	Brevibacterium	Luteolibacter	Arcobacter	Tychonema.CCAP.1459.11B	Agathobacter	Veillonella	Abiotrophia	Actinomycetospora	Granulicatella	Anoxybacillus	Mobilicoccus	Chroococcidiopsaceae	Haemophilus	Klebsiella	Anaerococcus	Thermus	Frondihabitans	Hafnia.Obesumbacterium	Curtobacterium	Citrobacter	Ephemeroptericola	Geobacillus	Pseudomonas	Tetragenococcus	Bifidobacterium	Psychrobacter	Lachnoclostridium	Exiguobacterium	Staphylococcus	Segatella	Flavobacterium	Marisediminicola	Clostridium	Cetobacterium	Oxalobacteraceae	Rathayibacter	Akkermansia	Peptoniphilus	Sphingobacterium	Malacoplasma	Lawsonella	Carnobacterium	Serratia	Paracoccaceae	Cloacibacterium	Pedobacter	Allomeiothermus	Mycobacterium	Parageobacillus	Methylorubrum	Roseomonas	Enterococcus	Bacteroides	Alistipes	Sphingomonas	Arthrobacter	Plesiomonas	Knoellia	Comamonadaceae	Dolosigranulum	Rhizobiaceae	Corynebacterium	Blastococcus	Caldicellulosiruptor	Undibacterium	Kocuria	Bacillus	Blautia	Nakamurella	Acinetobacter	Lautropia	Rhodoferax	Limnohabitans	Comamonas	Lactococcus	Patulibacter	Escherichia.Shigella	Bradyrhizobium	Rothia	Muribaculaceae	Turicibacter	Enhydrobacter	Aggregatibacter	Dubosiella	Neisseria	Ramlibacter	Paracoccus	Faecalibacterium	Iodobacter	Chryseobacterium	Mesomycoplasma
ChS_RBH_F23_11	2.34899879122123	0.893711558614388	-1.05219859044093	-1.05219859044093	4.34142895591144	0.0464136982271848	1.51275076702061	-1.05219859044093	-1.05219859044093	-1.05219859044093	-1.05219859044093	-1.05219859044093	1.43270805934708	4.39453878122538	-1.05219859044093	0.0464136982271848	-1.05219859044093	0.557239321993175	0.0464136982271848	-1.05219859044093	0.557239321993175	-1.05219859044093	-1.05219859044093	-1.05219859044093	-1.05219859044093	0.334095770678966	-1.05219859044093	-1.05219859044093	-1.05219859044093	-1.05219859044093	-1.05219859044093	-1.05219859044093	-1.05219859044093	-1.05219859044093	-1.05219859044093	-1.05219859044093	2.66137347626338	-1.05219859044093	-1.05219859044093	2.12585523990702	-1.05219859044093	-1.05219859044093	6.07549510890647	-1.05219859044093	2.31509723954555	3.71848603402474	-1.05219859044093	-1.05219859044093	-1.05219859044093	-1.05219859044093	-1.05219859044093	-1.05219859044093	-1.05219859044093	-1.05219859044093	-1.05219859044093	-1.05219859044093	-1.05219859044093	4.4890649547175	-1.05219859044093	-1.05219859044093	1.9923238472825	5.91665178790102	-1.05219859044093	-1.05219859044093	2.12585523990702	-1.05219859044093	-1.05219859044093	2.08329562548822	3.10668449291875	-1.05219859044093	6.7446817523426	-1.05219859044093	-1.05219859044093	0.0464136982271848	-1.05219859044093	0.0464136982271848	4.56457250722565	-1.05219859044093	-1.05219859044093	-1.05219859044093	5.29694040093887	-1.05219859044093	0.334095770678966	-0.35905140988098	4.23100513829706	-1.05219859044093	7.97289595322406	7.66777216633665	0.73956087878713	-1.05219859044093	-1.05219859044093	-1.05219859044093	-1.05219859044093	-1.05219859044093	3.88227534268977	-1.05219859044093	-1.05219859044093	-1.05219859044093	-1.05219859044093	-1.05219859044093	1.9923238472825	3.70997534435683	-1.05219859044093	-1.05219859044093	-1.05219859044093	4.92161102142834
ChS_RBH_F23_12	0.791271657145417	2.42118810092306	0.682072365180425	-2.57602417284106	7.23775746661058	0.132026028261153	-0.966586260406957	1.13754789386325	-1.18972981172117	2.59445982219709	-2.57602417284106	-1.47741188417295	4.4414819701002	5.435994066318	-0.966586260406957	-1.88287699228111	5.45698532575561	-2.57602417284106	6.48929042708487	0.682072365180425	-0.966586260406957	-1.88287699228111	-1.88287699228111	5.5686550106067	-2.57602417284106	-1.47741188417295	-2.57602417284106	-1.47741188417295	5.43001000590795	-1.18972981172117	-2.57602417284106	-2.57602417284106	-2.57602417284106	-0.784264703613002	-2.57602417284106	-2.57602417284106	4.58559783009813	0.0630331567742015	5.69014026377143	0.559470043088093	7.09370114923272	0.419708100712934	2.4346111212552	5.00109775803562	1.08753747328859	3.3977854390282	-1.88287699228111	1.55111021220403	4.90665765531359	-1.47741188417295	-2.57602417284106	2.05870481538858	-2.57602417284106	-1.88287699228111	3.31285378549182	-2.57602417284106	0.559470043088093	1.97785271875948	-1.88287699228111	-1.47741188417295	-0.0911175230530565	5.91091597540416	-1.47741188417295	5.15634504944333	-0.0911175230530565	6.21165406619844	-0.0110748153795202	2.11532370938809	1.23063831692926	-0.378799595504837	7.18047035595441	-0.178128900042686	-2.57602417284106	-2.57602417284106	-2.57602417284106	-2.57602417284106	0.682072365180425	-1.88287699228111	4.0664626285262	4.71426870960554	6.71349699700957	-1.18972981172117	0.368414806325383	-2.57602417284106	1.64348353233505	-1.47741188417295	7.57810535971109	3.58307121565088	-0.630114023785744	6.91618138626534	-2.57602417284106	-2.57602417284106	5.09113408247809	-1.88287699228111	2.60575937745103	2.84007622936336	6.03920275884655	-1.47741188417295	1.8306950744232	-0.496582631161221	-0.784264703613002	5.22700247079116	1.50151327106466	-2.57602417284106	-0.496582631161221	3.3100798586091
ChS_RBH_F23_15	1.79808025877043	-0.68682639101757	1.66454886614591	-1.37997357157752	8.67970543413352	0.92261152141653	-1.37997357157752	1.4532397724787	-1.37997357157752	3.07437372467599	-1.37997357157752	-1.37997357157752	-0.281361282909406	1.51039818631865	-1.37997357157752	-1.37997357157752	-1.37997357157752	-0.281361282909406	8.00070011788056	1.32807662952469	-1.37997357157752	-1.37997357157752	-1.37997357157752	-0.68682639101757	-1.37997357157752	2.14638695303865	-1.37997357157752	-0.281361282909406	-1.37997357157752	-1.37997357157752	-1.37997357157752	-1.37997357157752	-1.37997357157752	-1.37997357157752	0.229464340856585	-1.37997357157752	-1.37997357157752	0.229464340856585	7.9056597844341	0.92261152141653	-0.68682639101757	0.41178589765054	6.55525596823939	2.38122654411605	1.51039818631865	-0.68682639101757	-0.68682639101757	2.02122381008464	5.18105709431906	-1.37997357157752	-0.68682639101757	2.57127014700391	-1.37997357157752	-1.37997357157752	3.81852345968831	-1.37997357157752	1.87812296644397	2.51184672653311	-1.37997357157752	0.00632078954237514	0.229464340856585	4.42516139733897	-0.281361282909406	5.59263267972424	-0.68682639101757	-1.37997357157752	0.565936577477798	2.64537811915763	1.56446540758892	-0.68682639101757	7.94405256480248	-1.37997357157752	-1.37997357157752	0.00632078954237514	-0.281361282909406	5.70089432511327	0.69946797010232	-1.37997357157752	-1.37997357157752	-1.37997357157752	8.31093938099364	-1.37997357157752	0.69946797010232	-1.37997357157752	3.5178662283734	-1.37997357157752	5.29836854307682	-1.37997357157752	-0.281361282909406	2.59031834197461	-1.37997357157752	-1.37997357157752	-0.281361282909406	-1.37997357157752	2.79441369831812	3.3205067942149	5.02194362514967	-0.68682639101757	2.20354536687859	-1.37997357157752	0.00632078954237514	-0.281361282909406	1.87812296644397	-1.37997357157752	-1.37997357157752	3.76168998492514
ChS_RBH_F23_1	1.07010187746221	-0.0873509112288371	5.6869182680847	0.510486089526783	8.98461519147199	5.25932362532729	-1.79209900346726	1.55780508380734	6.56304573599458	2.75650083103243	-1.09895182290732	-2.48524618402721	5.29002966245965	4.63600626921733	-1.3866338953591	5.4858395694784	-2.48524618402721	-1.09895182290732	-2.48524618402721	0.980489718772519	-0.288021606690988	-2.48524618402721	-2.48524618402721	-1.09895182290732	4.05866566153758	-1.09895182290732	-0.875808271593107	-0.693486714799153	5.65623485743021	-1.09895182290732	-2.48524618402721	-1.09895182290732	-1.79209900346726	-0.693486714799153	-2.48524618402721	-2.48524618402721	4.12947941617655	5.02408908198938	7.00280167925355	0.810590681977121	-0.875808271593107	0.772850353994274	-1.3866338953591	6.28021234747702	1.34339521246189	5.96409634048086	-1.3866338953591	1.84548715625912	-0.875808271593107	-2.48524618402721	-2.48524618402721	2.16871416613032	4.55529020618875	-2.48524618402721	3.43633223561661	-2.48524618402721	6.34339443339107	7.1142944035911	-2.48524618402721	-1.3866338953591	0.287342538212573	5.76066308074689	-1.3866338953591	6.23488785138572	0.287342538212573	-2.48524618402721	0.692807646320738	2.35894090243138	1.85855923782648	-0.0873509112288371	4.06153922673332	0.222804017075002	-2.48524618402721	-1.3866338953591	-2.48524618402721	-0.288021606690988	3.56919316224216	-2.48524618402721	-0.875808271593107	-2.48524618402721	2.26834400707916	6.63363657746014	0.650248031901942	-2.48524618402721	7.54169717243584	-2.48524618402721	9.07768775029627	-0.693486714799153	-0.693486714799153	5.89337435752509	-1.09895182290732	-0.693486714799153	6.23423457682386	-1.3866338953591	2.67953978989631	3.12788192236086	4.81455118273095	-1.09895182290732	2.23325268726789	-0.405804642347372	-0.0873509112288371	-2.48524618402721	1.70440855799922	-1.3866338953591	-2.48524618402721	4.74676414763755
ChS_RBH_F23_2	1.14256617716866	0.152167473140785	5.47517745227919	3.35553911147302	9.05977981445992	0.806093940547449	-2.41278188432075	1.43736571738931	-0.803343971886652	2.92955236764406	-1.71963470376081	-2.41278188432075	-1.31416959565264	7.60153122330426	-0.215557306984532	-1.31416959565264	-1.71963470376081	-1.71963470376081	-2.41278188432075	1.30079018238356	-0.803343971886652	3.96053790525626	-2.41278188432075	-1.71963470376081	-2.41278188432075	-2.41278188432075	-1.02648752320086	-0.621022415092697	-0.110196791326706	-0.803343971886652	-2.41278188432075	-2.41278188432075	-0.803343971886652	-1.02648752320086	-2.41278188432075	-2.41278188432075	7.11448377857685	1.05295401847897	6.99853822626792	1.27609756979318	-2.41278188432075	1.02120532016439	-0.621022415092697	7.53982911017493	1.41585951216834	7.5645135953601	-2.41278188432075	5.22734128837461	5.74056787367814	-2.41278188432075	-2.41278188432075	2.14109500727979	-2.41278188432075	-1.71963470376081	3.63222342971526	-2.41278188432075	1.30079018238356	5.44315031539786	6.88685059513419	-1.02648752320086	0.84531465370073	6.66391280278551	-2.41278188432075	6.2055228084639	0.722712331608398	-2.41278188432075	0.631740553402671	2.58443038944336	1.82132462027651	7.58260093291963	0.152167473140785	-2.41278188432075	-2.41278188432075	-2.41278188432075	-1.71963470376081	-0.621022415092697	4.31105055650046	-1.71963470376081	7.25643797239823	-2.41278188432075	1.79191073507021	7.06804353527869	0.531657094845688	-2.41278188432075	0.765271946027194	-0.803343971886652	0.806093940547449	-0.333340342640916	-0.621022415092697	2.27856599790839	-2.41278188432075	-0.466871735265439	6.53671306915721	-2.41278188432075	2.86533277490976	3.28766168906993	-0.333340342640916	-0.621022415092697	2.22194710390888	-0.621022415092697	-1.31416959565264	-2.41278188432075	1.82132462027651	-1.71963470376081	-0.803343971886652	5.14050472127967
ChS_RBH_F23_3	1.42828078342624	0.249625787084595	7.46972526283924	-1.82981575459524	9.84515202631056	0.735133602866296	-1.1366685740353	1.80777040513115	-0.73120346592713	3.20713684781839	-0.44352139347535	5.87724690077523	-0.22037784216114	1.63592014820449	-1.82981575459524	-1.82981575459524	-1.82981575459524	-1.82981575459524	-1.82981575459524	1.50238875557996	-0.44352139347535	-1.82981575459524	-1.82981575459524	-1.82981575459524	-1.82981575459524	-1.82981575459524	-1.1366685740353	-0.0380562853671853	7.3663242679798	-1.82981575459524	6.27970990515763	-1.82981575459524	-0.73120346592713	-1.82981575459524	-1.82981575459524	-1.82981575459524	7.0968345661987	6.37676785972551	8.45056594906102	1.1146232245712	-1.1366685740353	1.16591651895875	-1.82981575459524	5.24768229897399	1.30567846133391	-0.22037784216114	-1.1366685740353	2.10200987812909	-1.82981575459524	-1.82981575459524	-1.82981575459524	2.37487686479573	-1.82981575459524	-1.82981575459524	3.84006516838528	-1.82981575459524	1.60417144988991	2.8615321276339	-1.82981575459524	-1.82981575459524	0.65509089519276	6.19831330483652	-1.1366685740353	8.05331601768381	0.249625787084595	-1.82981575459524	0.942772967644541	2.8049132336344	2.23062725595118	7.01134322135002	5.95673605183347	0.249625787084595	-0.73120346592713	-1.82981575459524	-1.82981575459524	-1.82981575459524	4.96812465837969	-1.82981575459524	-0.44352139347535	-1.1366685740353	2.9904658110098	-1.82981575459524	0.249625787084595	-1.82981575459524	7.32215370405461	-0.44352139347535	1.72553230689417	-1.82981575459524	-0.73120346592713	2.26452880762686	-1.82981575459524	-0.0380562853671853	0.249625787084595	-1.82981575459524	3.06053337362651	3.23908844762499	-0.44352139347535	-0.73120346592713	2.44685036442081	-1.82981575459524	0.249625787084595	-1.82981575459524	2.02033184711482	-1.82981575459524	-0.22037784216114	3.84693804767304
ChS_RBH_F23_4	1.21059323183614	6.16710710265121	7.68786573729579	-1.40436654620006	8.52402497870221	0.898218546793983	-2.50297883486817	5.65753941260933	-2.50297883486817	2.75971135403671	-2.50297883486817	4.25975067206371	-0.893540922434072	5.35566182075262	-1.11668447374828	-1.80983165430823	-2.50297883486817	-1.40436654620006	-2.50297883486817	1.13460732485821	5.54772454660213	-2.50297883486817	-2.50297883486817	4.93599275752769	4.96952190986939	-0.557068685812859	-2.50297883486817	6.06433696595128	4.13558895429835	-1.40436654620006	3.39142399939668	-2.50297883486817	-1.80983165430823	5.75284959241366	-0.711219365640117	-2.50297883486817	5.41601365329707	-0.711219365640117	6.31816340146372	0.993528726598308	-0.893540922434072	0.387392923027992	4.409763985625	8.94661271646678	1.2346907834152	-1.40436654620006	-1.11668447374828	3.43191536075142	-0.893540922434072	-2.50297883486817	-2.50297883486817	2.34120825159042	-2.50297883486817	-2.50297883486817	3.46828300492229	-2.50297883486817	1.02338168974799	3.17377496740011	-2.50297883486817	-0.711219365640117	0.387392923027992	-1.11668447374828	-2.50297883486817	6.42698603983867	4.82414445739112	0.492753438685819	0.588063618490144	2.38737029335358	1.5043543503643	0.898218546793983	3.88052780001583	-2.50297883486817	-2.50297883486817	-1.11668447374828	-1.40436654620006	-0.893540922434072	6.64676191497908	-2.50297883486817	5.26850992524944	-2.50297883486817	0.205071366234038	5.74424121787706	-0.305754257531953	-2.50297883486817	1.28121079905009	-1.11668447374828	0.993528726598308	-2.50297883486817	-1.11668447374828	2.17915239225605	-2.50297883486817	0.0619705225933647	4.19158322365292	-2.50297883486817	2.63281960218209	3.18060093247051	5.69290655644662	-2.50297883486817	2.0819886438024	-0.893540922434072	-0.711219365640117	3.30215613404832	1.70171378452279	-2.50297883486817	-2.50297883486817	3.52046875809286
ChS_RBH_F23_8	1.53725498614901	0.438642697480897	0.57217409010542	-1.50726745157442	8.08075564749748	1.53725498614901	-0.814120271014471	1.5837750017839	-0.814120271014471	3.03602733069559	-1.50726745157442	-0.814120271014471	-1.50726745157442	1.67078637877353	0.284492017653639	-0.814120271014471	-1.50726745157442	-0.408655162906306	-0.120973090454526	1.53725498614901	-0.408655162906306	-1.50726745157442	-1.50726745157442	-0.814120271014471	-1.50726745157442	8.70730126684172	-0.408655162906306	-0.120973090454526	1.05768190588712	-1.50726745157442	3.07770002709616	-1.50726745157442	-0.408655162906306	-0.814120271014471	-1.50726745157442	-1.50726745157442	-0.814120271014471	0.977639198213584	6.53639590081953	1.20078274952779	7.15834574496009	0.977639198213584	-0.408655162906306	4.69729031099427	1.78856941442991	-1.50726745157442	-1.50726745157442	1.89392993008774	-0.408655162906306	-1.50726745157442	-0.408655162906306	2.87475918309946	-1.50726745157442	-1.50726745157442	3.94377100199128	-1.50726745157442	1.5837750017839	2.76939866744164	-1.50726745157442	-0.120973090454526	1.05768190588712	-1.50726745157442	-1.50726745157442	7.50596254613437	0.438642697480897	-1.50726745157442	0.79531764141963	2.7554124254669	1.98924010989206	-0.814120271014471	6.85980028126418	-0.408655162906306	-1.50726745157442	0.102170460859684	-1.50726745157442	-0.814120271014471	1.05768190588712	-1.50726745157442	-1.50726745157442	-1.50726745157442	0.57217409010542	4.24212553433384	-0.120973090454526	-1.50726745157442	4.07246237441181	-0.814120271014471	6.76938167384744	-1.50726745157442	-1.50726745157442	-1.50726745157442	-1.50726745157442	-1.50726745157442	0.284492017653639	-1.50726745157442	3.13712344756696	3.33691963488417	0.102170460859684	0.102170460859684	2.61986693347068	-0.408655162906306	0.102170460859684	-1.50726745157442	2.15629419455523	-0.408655162906306	-0.814120271014471	4.03790999290515
ChS_SH_F23_10	1.73453492467387	-0.0443211397182761	4.25870391179048	-1.22297613605992	4.86946432838806	1.19739199259051	-1.5106582085117	5.07228986537972	-1.5106582085117	3.35943706280555	-1.22297613605992	1.6534093798615	0.722934012995391	4.75906918913157	-0.999832584745713	3.78097016988554	-1.91612331661987	-0.999832584745713	-0.817511027951758	1.61023720799629	-0.306685404185767	-1.22297613605992	1.84507679907369	-1.5106582085117	-0.6633603481245	-0.999832584745713	-0.412045919843593	-0.211375224381442	1.05429114894983	-1.22297613605992	-2.60927049717981	-1.5106582085117	6.17749171126128	-2.60927049717981	2.46590331805401	-1.5106582085117	3.32826570790261	3.93175950201009	4.91421081539368	1.45117251336661	-0.529828955499977	1.36102141637231	-0.211375224381442	3.08108895714425	1.72146284310652	4.04616985318783	2.76136753094785	2.33237192542949	0.946077564309601	-1.22297613605992	-1.5106582085117	2.85031501696435	-2.60927049717981	-2.60927049717981	4.72961763665907	3.08446164162289	9.65606584452745	10.80708698979	-1.91612331661987	-1.5106582085117	2.73783703353766	1.97569698149076	-0.817511027951758	0.824716707305333	0.974248441276297	3.96301204551419	0.609605327688388	2.97797816122044	2.48447970362695	0.609605327688388	3.79098694812901	-2.60927049717981	-1.91612331661987	-2.60927049717981	-1.22297613605992	-0.6633603481245	2.9436890877418	-0.529828955499977	-1.5106582085117	-1.5106582085117	3.24293198259466	-0.817511027951758	1.00164741546441	-2.60927049717981	1.41608119355534	2.5555154767437	2.38116208959892	-0.529828955499977	0.223942846876403	7.93338312204975	-1.22297613605992	3.07090211183725	0.568783333168133	-0.6633603481245	3.10115652019506	3.67858806298197	0.0297868324354456	-0.0443211397182761	2.58922653408601	1.54961258617986	0.386461776374178	-1.91612331661987	2.39467580876565	-2.60927049717981	-1.5106582085117	4.05386219881099
ChS_SH_F23_14	1.17907907388965	0.425307271513272	1.92938466828955	-1.65413427016656	4.10791711261361	0.743761002631807	0.137625199061492	2.00942737596308	-0.555521981498454	2.74031488450588	-1.65413427016656	-0.555521981498454	0.743761002631807	5.00515964951707	-1.65413427016656	-1.65413427016656	-1.65413427016656	0.29177587888875	-1.65413427016656	1.60396226785492	-1.65413427016656	-1.65413427016656	-1.65413427016656	-1.65413427016656	-1.65413427016656	-1.65413427016656	0.29177587888875	0.743761002631807	4.37895195163224	-0.555521981498454	-1.65413427016656	-0.267839909046673	5.01282252226264	-0.267839909046673	-1.65413427016656	-1.65413427016656	5.31000134225168	0.830772379621437	6.01021236193205	0.137625199061492	-0.0446963577324631	0.543090307169656	-0.267839909046673	1.92938466828955	-0.0446963577324631	4.5880889952886	-1.65413427016656	2.81177384848802	0.137625199061492	-0.0446963577324631	-1.65413427016656	3.40211153518174	-0.267839909046673	-1.65413427016656	4.96993095763333	2.68967115168712	8.2478521562433	10.1313342484126	0.137625199061492	-0.960987089606618	0.543090307169656	2.03474518394737	-0.555521981498454	5.2344381893988	0.648450822827483	-1.65413427016656	1.17907907388965	2.107065845527	2.77668252867675	-0.267839909046673	3.06436460112853	-1.65413427016656	-0.555521981498454	-1.65413427016656	-1.65413427016656	0.425307271513272	2.60854560687475	-1.65413427016656	-0.960987089606618	-1.65413427016656	0.543090307169656	-1.65413427016656	0.910815087294973	-0.267839909046673	1.60396226785492	-0.0446963577324631	1.67807024000864	-1.65413427016656	-0.0446963577324631	10.2397928307335	-1.65413427016656	0.648450822827483	2.88916051210344	-1.65413427016656	2.78851698632375	3.27311941499064	0.425307271513272	-1.65413427016656	2.70257455652303	-1.65413427016656	-1.65413427016656	-1.65413427016656	2.23768602794406	-1.65413427016656	-0.267839909046673	3.75751178168848
ChS_SH_F23_15	2.07160319366941	3.67663581263559	2.71979898636709	-0.829818400413341	4.50386610997199	1.71962677051223	-1.05296195172755	2.3810252527576	-0.359814771167606	3.76731961387749	-0.647496843619387	-0.359814771167606	2.66061011497676	7.05896611158319	0.125693044614095	2.84394741589055	-2.43925631284744	0.0456503369405588	-1.05296195172755	2.00339494364288	0.0456503369405588	-0.829818400413341	-1.7461091322875	-1.05296195172755	1.7351309570482	0.125693044614095	-0.359814771167606	-0.359814771167606	0.651786140510874	-0.359814771167606	1.89147702743889	-0.829818400413341	-0.829818400413341	0.125693044614095	-1.7461091322875	-2.43925631284744	0.33333240939234	1.02647958995228	4.36978299319554	1.63828113105828	-1.7461091322875	1.36740617692288	0.125693044614095	2.98569370463396	2.41277395107218	0.779619512020759	-2.43925631284744	2.88861985594214	0.268793888254768	-1.34064402417933	-2.43925631284744	3.19553329032181	-2.43925631284744	-2.43925631284744	4.74309579903782	-1.7461091322875	4.5248792995708	6.50997900152741	-0.493346163792128	-1.34064402417933	1.34493332107082	0.125693044614095	-2.43925631284744	4.56016615466052	0.994730891637705	-0.829818400413341	1.60379495498711	3.547195692437	2.69064240207563	0.738797517500504	0.393957031208775	0.605266124875981	-2.43925631284744	-0.359814771167606	-1.34064402417933	-0.0413610400490709	2.19547267538219	-0.493346163792128	-0.242031735511222	-2.43925631284744	1.17166159979678	-1.34064402417933	1.34493332107082	-1.05296195172755	1.67161755132587	0.556475960706549	2.57137898124881	-0.647496843619387	0.0456503369405588	11.6213510506469	-0.493346163792128	-0.136671219853396	0.961941068814714	-1.34064402417933	3.73661095725832	4.01751334272472	0.33333240939234	0.268793888254768	3.28759143473976	0.451115445048723	0.393957031208775	-1.05296195172755	2.87394966619435	0.125693044614095	0.33333240939234	4.76191457043424
ChS_SH_F23_1	1.34207344979186	-0.267364462642238	1.0676366040901	-1.87680237507634	7.22294157555782	0.608104274711663	6.51754498634105	1.83676969162797	-1.18365519451639	2.87678781603003	-1.18365519451639	-0.778190086408228	5.32436850820534	4.5673288816241	-1.18365519451639	2.56584888141398	-1.87680237507634	-1.18365519451639	-1.87680237507634	1.11892989847765	4.83372073437609	-0.778190086408228	-1.87680237507634	-1.18365519451639	-1.87680237507634	-0.778190086408228	-1.87680237507634	-0.490508013956447	0.0691077739789754	-1.87680237507634	3.40640135366165	-1.87680237507634	3.94624352040668	-1.87680237507634	-1.87680237507634	-1.87680237507634	5.27232922348107	0.202639166603498	6.69696016782779	0.688146982385199	-0.778190086408228	0.521092897722033	-0.778190086408228	4.2609246790099	1.64955814953982	-0.267364462642238	-1.87680237507634	2.14854931565881	-0.490508013956447	-0.778190086408228	-1.87680237507634	2.42726271812783	-1.87680237507634	-1.87680237507634	3.59966117685517	-1.87680237507634	7.7862047064923	9.65142540990233	-1.18365519451639	-1.18365519451639	0.320422202259882	-1.18365519451639	-1.87680237507634	2.25033200996875	0.521092897722033	-1.87680237507634	3.44131761876788	2.31285236695009	2.11218167148794	-0.0850429058482829	4.11215904181353	-1.87680237507634	3.72899969121966	3.48448979063309	-1.87680237507634	-1.87680237507634	0.202639166603498	-1.87680237507634	2.52991687218792	-1.87680237507634	5.28481962786285	-0.490508013956447	0.320422202259882	-1.87680237507634	1.01356938281983	-0.490508013956447	1.30125145527161	-1.87680237507634	-0.778190086408228	8.0671070919587	-1.87680237507634	-0.267364462642238	4.66133744869133	-1.87680237507634	2.84169649621876	3.16662274184291	-0.490508013956447	-1.87680237507634	2.21754218714576	-0.0850429058482829	0.320422202259882	5.17332014519272	1.70671656337977	-0.490508013956447	-0.267364462642238	3.60799455841432
ChS_SH_F23_2	1.41535322277974	-0.289394869458683	0.116070238649481	0.116070238649481	3.93011283571742	0.809217419209426	-0.982542050018629	3.3481912902677	-0.289394869458683	3.44827474882468	-0.982542050018629	-0.289394869458683	0.116070238649481	1.58240730744291	-0.982542050018629	-0.289394869458683	-0.982542050018629	-0.982542050018629	-0.982542050018629	1.85067129403759	-0.982542050018629	-0.982542050018629	-0.982542050018629	-0.982542050018629	-0.982542050018629	0.626895862415472	0.116070238649481	0.809217419209426	0.626895862415472	-0.982542050018629	-0.982542050018629	-0.982542050018629	-0.289394869458683	0.403752311101262	-0.982542050018629	-0.982542050018629	0.626895862415472	1.32004304297542	2.57280601147078	1.21468252731759	-0.289394869458683	-0.289394869458683	-0.982542050018629	2.10850040333969	2.15295216591052	0.626895862415472	-0.982542050018629	2.38475377996785	-0.982542050018629	-0.982542050018629	-0.982542050018629	2.92948095540952	-0.982542050018629	-0.982542050018629	3.67141830013889	-0.982542050018629	5.07424196321	8.54268205183448	-0.982542050018629	-0.289394869458683	1.21468252731759	0.403752311101262	-0.289394869458683	1.85067129403759	0.809217419209426	-0.982542050018629	0.626895862415472	2.92948095540952	2.65504410970776	-0.982542050018629	0.403752311101262	-0.982542050018629	-0.982542050018629	-0.982542050018629	-0.982542050018629	-0.289394869458683	0.809217419209426	-0.982542050018629	-0.982542050018629	-0.982542050018629	2.27555448800285	-0.982542050018629	0.403752311101262	-0.982542050018629	0.626895862415472	-0.982542050018629	1.41535322277974	-0.289394869458683	0.403752311101262	6.47622064236233	-0.982542050018629	-0.289394869458683	-0.289394869458683	-0.982542050018629	3.33494606351768	3.38690580244839	-0.982542050018629	0.116070238649481	2.57280601147078	0.626895862415472	-0.982542050018629	-0.982542050018629	2.38475377996785	0.116070238649481	0.116070238649481	4.14142192938463
ChS_SH_F23_4	1.4015704793671	-0.347629375442159	1.52417280145943	-1.0407765560021	7.7828713931892	1.4441300937859	-1.73392373656205	1.97964833014226	-0.63531144789394	3.56439362998599	-1.0407765560021	-0.347629375442159	5.89992982311972	5.78685267850075	-1.73392373656205	-1.73392373656205	-1.0407765560021	-1.73392373656205	-0.124485824127949	1.7000634679231	0.0578357326660055	-1.73392373656205	-1.73392373656205	0.0578357326660055	7.24486281673995	-1.0407765560021	-1.73392373656205	-1.73392373656205	0.663971536236321	-0.347629375442159	-1.73392373656205	-1.0407765560021	-1.73392373656205	-1.73392373656205	-0.347629375442159	-1.73392373656205	6.29061113504365	3.53393442250128	8.14593688534292	1.09928960749417	-1.73392373656205	0.750982913225951	-0.63531144789394	2.27340944867042	1.73181216623768	0.568661356431996	-1.73392373656205	2.57014135664212	-1.73392373656205	-1.73392373656205	-1.73392373656205	2.64810289811183	-1.73392373656205	-1.73392373656205	3.95980840224065	-1.73392373656205	9.98662546806435	9.84658560773171	-1.0407765560021	-0.347629375442159	0.831025620899487	-0.63531144789394	-0.63531144789394	5.71499236598215	0.568661356431996	-1.0407765560021	1.31059870116137	2.84078724194133	2.34361370734367	0.0578357326660055	0.345517805117786	-1.73392373656205	-1.73392373656205	-0.63531144789394	-1.73392373656205	-0.63531144789394	1.03866498567773	-0.63531144789394	-0.63531144789394	-1.73392373656205	0.750982913225951	0.0578357326660055	0.663971536236321	-1.73392373656205	6.31390562089579	-0.347629375442159	1.84959520189406	-1.0407765560021	0.0578357326660055	2.64810289811183	-0.63531144789394	-1.73392373656205	0.0578357326660055	-1.73392373656205	3.23588956301395	3.60841051540276	-0.124485824127949	-0.63531144789394	2.44046353333359	-0.347629375442159	0.211986412493264	-1.73392373656205	2.47076888282892	-1.73392373656205	0.211986412493264	7.54098640606343
ChS_SH_F23_5	0.754755470445869	-1.19115467860944	4.87958304939305	-0.498007498049499	5.33387497923402	0.418283233824656	-1.19115467860944	1.1114304143846	0.195139682510446	3.203294476063	0.600604790618611	-1.19115467860944	-1.19115467860944	5.17874630421878	-0.498007498049499	-1.19115467860944	-1.19115467860944	-1.19115467860944	-0.498007498049499	1.29375197117856	-1.19115467860944	-1.19115467860944	-1.19115467860944	-1.19115467860944	-1.19115467860944	-1.19115467860944	0.418283233824656	-1.19115467860944	0.754755470445869	0.195139682510446	-1.19115467860944	-1.19115467860944	-1.19115467860944	-1.19115467860944	-1.19115467860944	-1.19115467860944	5.59556227199564	5.57733853303919	6.13135575538795	0.600604790618611	-0.0925423899413345	-1.19115467860944	-1.19115467860944	4.39983230190141	1.69921707928672	-1.19115467860944	-1.19115467860944	2.02772114625876	4.50257746019326	-1.19115467860944	-1.19115467860944	2.61550781116088	-1.19115467860944	-1.19115467860944	3.44357430962019	-1.19115467860944	7.69856712066869	7.21040316920787	-1.19115467860944	-1.19115467860944	0.600604790618611	0.418283233824656	-0.0925423899413345	1.1114304143846	0.418283233824656	-1.19115467860944	-1.19115467860944	2.61550781116088	1.85336775911398	4.19334038417964	-1.19115467860944	0.418283233824656	-1.19115467860944	-1.19115467860944	-0.498007498049499	-0.0925423899413345	3.25149657788087	-0.498007498049499	-1.19115467860944	-1.19115467860944	-0.498007498049499	-1.19115467860944	-1.19115467860944	-1.19115467860944	2.88638276529628	-1.19115467860944	-0.0925423899413345	-0.0925423899413345	-1.19115467860944	3.48167415585246	-1.19115467860944	-1.19115467860944	5.4315816453404	0.888286863070392	2.88638276529628	3.3306338984396	-0.498007498049499	-1.19115467860944	2.70066561950118	-1.19115467860944	-1.19115467860944	-1.19115467860944	1.9868991517385	-1.19115467860944	-1.19115467860944	3.6046358669873
ChS_WH_F23_14	1.3900564219879	5.37690143030343	5.55373567761107	-1.86804011603358	8.62048031320805	1.07639886313286	-1.17489293547363	1.6284674454329	-0.481745754913689	2.90264450843209	-0.76942782736547	-0.481745754913689	7.27882783298703	2.04398288939457	-1.17489293547363	-1.86804011603358	-1.86804011603358	-1.86804011603358	-1.86804011603358	0.771017213581679	-1.86804011603358	-1.86804011603358	-1.86804011603358	-1.86804011603358	-1.86804011603358	-0.258602203599479	-1.17489293547363	-0.76942782736547	0.529855156764791	-1.86804011603358	-1.86804011603358	-1.86804011603358	-1.86804011603358	-0.0762806468055244	-0.76942782736547	-1.17489293547363	5.3398197553989	0.771017213581679	7.33758917621248	1.12769215752041	5.74132642192063	0.616866533754421	7.41814956822604	7.52927762427275	0.840010085068631	3.80184080694694	-1.86804011603358	1.91614951788468	-0.76942782736547	-0.481745754913689	-1.17489293547363	2.46269322425275	-1.86804011603358	-1.86804011603358	3.63321809451115	-1.86804011603358	1.59769578676615	2.39463976100774	-1.86804011603358	-1.86804011603358	0.840010085068631	7.89526540590269	-1.86804011603358	6.2769293010543	-0.481745754913689	-1.86804011603358	0.529855156764791	2.50140773643344	1.68730794545583	0.0778700330217339	0.211401425646256	-0.0762806468055244	-1.86804011603358	-1.86804011603358	-1.86804011603358	4.9387892443586	2.85934770267876	-1.86804011603358	-1.86804011603358	-1.86804011603358	8.27442496611929	-0.76942782736547	-0.0762806468055244	-1.17489293547363	8.89793646740835	-0.76942782736547	6.10166346724508	-0.258602203599479	-1.86804011603358	2.29084296732609	-1.86804011603358	-0.0762806468055244	5.67364298384853	-1.86804011603358	2.57461114045674	3.38423331201305	-0.0762806468055244	-0.76942782736547	2.40862600298248	-0.76942782736547	-0.0762806468055244	-0.76942782736547	1.79552153009607	5.79630651606504	-0.76942782736547	3.6574128230982
ChS_WH_F23_15	1.55763965298854	5.03703188223575	1.11135255036012	-1.66123617187966	8.494021260759	2.46589821316543	-0.274941810759772	8.59989085928203	-1.66123617187966	3.10093776291809	-0.274941810759772	-0.562623883211553	-1.66123617187966	1.33449610167433	-0.0517982594455626	-1.66123617187966	-0.968088991319718	-0.562623883211553	-1.66123617187966	1.11135255036012	-1.66123617187966	-1.66123617187966	-1.66123617187966	-0.968088991319718	3.89559188981987	-1.66123617187966	0.130523297348392	-0.0517982594455626	0.736659100918708	-1.66123617187966	-1.66123617187966	-1.66123617187966	-1.66123617187966	-0.968088991319718	-1.66123617187966	-1.66123617187966	-0.274941810759772	1.11135255036012	7.51492674829493	1.11135255036012	-1.66123617187966	1.11135255036012	-1.66123617187966	6.76032678852132	1.47425804404949	-0.562623883211553	-0.562623883211553	2.39920683866676	-1.66123617187966	-1.66123617187966	-1.66123617187966	3.06615164683268	-1.66123617187966	-1.66123617187966	3.93718578711871	-1.66123617187966	1.17197717217655	8.10803403853666	-1.66123617187966	7.37961989210406	0.418205369800173	-0.0517982594455626	-0.562623883211553	7.40083618342742	0.641348921114383	-1.66123617187966	6.37533723782765	2.64282892132451	2.14542631789066	0.641348921114383	-0.562623883211553	-1.66123617187966	-1.66123617187966	-1.66123617187966	-1.66123617187966	-1.66123617187966	0.736659100918708	-1.66123617187966	-1.66123617187966	-1.66123617187966	6.95851360786167	-0.968088991319718	0.641348921114383	4.50207863215498	7.01415663421012	-1.66123617187966	4.87979382731024	-0.274941810759772	-0.0517982594455626	6.1904250060096	-1.66123617187966	-0.274941810759772	-0.0517982594455626	-1.66123617187966	3.20629827857592	3.44470930202092	-0.274941810759772	-0.274941810759772	2.41630127202606	-0.0517982594455626	-0.274941810759772	-1.66123617187966	2.27058946084466	-0.274941810759772	-0.968088991319718	3.95189193450841
ChS_WH_F23_1	1.48859324190721	0.27557060206136	3.76655328759587	-0.73603030961712	8.94667028764981	1.40403585387915	-1.0237123820689	7.08360599275047	-1.0237123820689	3.14036551816788	-1.0237123820689	-0.73603030961712	-2.12232467073701	1.51526148898938	-1.42917749017706	-2.12232467073701	-2.12232467073701	-1.0237123820689	-0.73603030961712	1.51526148898938	-2.12232467073701	-2.12232467073701	-2.12232467073701	-1.42917749017706	-2.12232467073701	-0.73603030961712	-0.73603030961712	-1.42917749017706	0.27557060206136	-1.42917749017706	-2.12232467073701	-2.12232467073701	6.72833624828014	-0.73603030961712	-2.12232467073701	-2.12232467073701	7.98222440996713	7.5685264370028	5.50619295583805	1.05572915961094	-2.12232467073701	0.873407602816981	-0.51288675830291	7.14600155043783	1.82891904784442	0.27557060206136	-2.12232467073701	2.02081005565452	-0.51288675830291	-2.12232467073701	-0.73603030961712	2.48284551525108	-2.12232467073701	-1.42917749017706	3.68581781924343	-2.12232467073701	8.1814814357544	8.40624533144493	-2.12232467073701	-1.0237123820689	0.650264051502771	-1.42917749017706	-1.42917749017706	7.46123306179722	0.516732658878248	-2.12232467073701	0.36258197905099	2.68985968463541	2.05206259915863	6.21214688386393	0.180260422257036	-2.12232467073701	-2.12232467073701	-2.12232467073701	-1.42917749017706	6.64391370951609	7.78759216956402	-1.0237123820689	5.48852811965824	-2.12232467073701	0.873407602816981	-2.12232467073701	5.35697496704582	-1.42917749017706	4.65873295519917	-0.73603030961712	1.40403585387915	-0.330565201508955	-0.330565201508955	5.94262622101213	-2.12232467073701	-0.176414521681697	3.83610002229277	-1.42917749017706	3.0706321801532	3.39913624712524	-0.51288675830291	-0.51288675830291	2.37748499959325	-0.73603030961712	-1.42917749017706	-2.12232467073701	1.74887634017088	-1.0237123820689	-1.42917749017706	3.88894250366715
ChS_WH_F23_3	-0.867653815953413	-0.867653815953413	0.518640545166477	-0.867653815953413	7.28828252201898	1.32957076138281	-0.867653815953413	1.32957076138281	-0.867653815953413	2.687694245536	-0.867653815953413	-0.867653815953413	7.60097918484745	1.53024145684496	-0.867653815953413	-0.174506635393468	-0.867653815953413	-0.867653815953413	-0.867653815953413	1.32957076138281	-0.867653815953413	-0.867653815953413	-0.867653815953413	-0.867653815953413	-0.867653815953413	-0.867653815953413	-0.867653815953413	-0.867653815953413	0.741784096480687	-0.867653815953413	-0.867653815953413	-0.867653815953413	-0.867653815953413	-0.867653815953413	-0.867653815953413	-0.174506635393468	-0.867653815953413	1.0782563331019	8.11916793437848	1.32957076138281	0.230958472714697	0.518640545166477	-0.867653815953413	1.53024145684496	1.53024145684496	-0.867653815953413	-0.867653815953413	1.8403963851488	3.50179403651361	-0.867653815953413	-0.867653815953413	2.39044272206807	-0.867653815953413	-0.867653815953413	3.40901230306264	-0.867653815953413	4.6088097359781	2.07678516321303	-0.867653815953413	-0.867653815953413	0.230958472714697	-0.867653815953413	-0.867653815953413	6.34242581221737	-0.174506635393468	-0.867653815953413	-0.867653815953413	1.8403963851488	1.69729554150812	0.518640545166477	-0.867653815953413	-0.867653815953413	-0.867653815953413	-0.867653815953413	-0.867653815953413	-0.867653815953413	3.02416648215721	-0.867653815953413	-0.174506635393468	-0.867653815953413	0.230958472714697	-0.867653815953413	-0.867653815953413	-0.867653815953413	0.230958472714697	0.741784096480687	5.25483899356097	-0.174506635393468	-0.174506635393468	5.91226809151884	-0.867653815953413	-0.867653815953413	4.10907992646716	-0.867653815953413	2.87001580232996	2.96098758053568	-0.867653815953413	-0.867653815953413	2.17686862177001	-0.867653815953413	-0.867653815953413	-0.867653815953413	1.53024145684496	-0.174506635393468	-0.867653815953413	3.36645268864385
SSH_1	1.46172078351245	-0.585972059852804	0.860946923083521	-1.9722664209727	5.03714251173594	2.49364169768189	-0.873654132304585	3.57680966392252	0.800322301267086	2.62285342916189	-1.9722664209727	-1.9722664209727	-1.27911924041275	6.78189432835082	-1.9722664209727	-1.9722664209727	-1.9722664209727	-1.27911924041275	-0.873654132304585	1.35993808920251	-1.27911924041275	-1.9722664209727	-1.9722664209727	-1.9722664209727	-1.9722664209727	-1.9722664209727	-1.9722664209727	-0.585972059852804	5.05060166510995	-0.873654132304585	-1.9722664209727	-0.585972059852804	-0.873654132304585	-1.9722664209727	-1.9722664209727	4.26410316923101	3.70790618804437	6.3549761864851	4.75875167950939	0.972172558193745	-0.873654132304585	1.07225601675073	2.12207814124941	4.26214430474568	1.39502940901378	7.1488054832453	-1.9722664209727	1.87788118073736	-1.9722664209727	6.35666762098283	-1.9722664209727	2.62285342916189	-1.9722664209727	-1.9722664209727	4.42632851356251	-1.9722664209727	3.25884219588189	4.6397746138604	-1.9722664209727	-1.9722664209727	-0.0263562719173818	3.34093955806909	-1.9722664209727	4.42632851356251	0.800322301267086	1.07225601675073	5.45309146605446	2.42218273369974	1.83439606879762	1.63865149167153	3.02494585279142	-1.9722664209727	-1.9722664209727	-1.9722664209727	-1.9722664209727	-0.873654132304585	1.20578740937525	0.800322301267086	-1.27911924041275	3.83286854794379	1.99802549257943	-1.27911924041275	0.107175120707141	-1.9722664209727	4.78466596827486	-0.873654132304585	7.91909794176112	5.97293471144006	-0.873654132304585	2.99057820928721	-1.9722664209727	-0.18050695174464	0.107175120707141	-0.585972059852804	2.84801514463234	2.73726378033964	0.224958156363525	-0.873654132304585	1.93975658445545	-0.18050695174464	-0.362828508538595	-1.9722664209727	1.61125251748341	5.29036218000155	-0.873654132304585	3.67318047667054
SSH_2	1.33288541891743	6.71251940664125	1.17873473909017	-1.52931546201204	3.57663001188854	3.0402275463329	-2.22246264257198	2.90743607235109	-0.613024730137884	3.23285847278572	-1.12385035390387	-2.22246264257198	-0.613024730137884	5.89395443022222	-2.22246264257198	-2.22246264257198	-2.22246264257198	-2.22246264257198	-2.22246264257198	1.30389788204418	-0.143021100892149	-2.22246264257198	-2.22246264257198	-2.22246264257198	-2.22246264257198	-2.22246264257198	-1.12385035390387	-1.12385035390387	4.38957839226111	-1.12385035390387	3.62686213737487	-1.12385035390387	0.721976336594456	-1.52931546201204	-2.22246264257198	3.33821898844354	1.96719209945444	0.773269630982006	4.52746855121659	0.996413182296216	-1.52931546201204	0.610750701484231	4.73788508652932	3.82727081265997	1.33288541891743	6.08696809956835	-2.22246264257198	2.09502547096433	-2.22246264257198	2.3522483359314	1.49110942413232	2.57332790302476	-2.22246264257198	-2.22246264257198	3.59762028778038	-2.22246264257198	1.58419984719833	5.13317846040227	-2.22246264257198	-2.22246264257198	-0.0252380652357651	-0.613024730137884	-2.22246264257198	4.10547414115721	0.416594687043274	3.00328403114122	9.8482369154543	2.61381926437949	1.74782927098014	3.20688298638246	3.0907433364698	-2.22246264257198	-2.22246264257198	-2.22246264257198	-1.12385035390387	-2.22246264257198	0.868579810786331	-1.12385035390387	-1.52931546201204	4.20564263011261	4.28928268707274	-1.52931546201204	0.485587558530225	-2.22246264257198	4.19590229336423	-0.613024730137884	7.32855539650792	-1.52931546201204	-0.276552493516671	2.19637796522461	-1.12385035390387	-0.143021100892149	0.913031573357165	-2.22246264257198	2.76114397913635	3.05053691599176	-0.836168281452094	-0.43070317334393	2.1595639921019	-0.43070317334393	-0.276552493516671	4.26826089193052	1.80288904816316	5.33291930166829	1.70936299015234	3.62973983720249
SSH_3	1.056497523516	0.2943574714691	0.833353972201787	-0.552940388918104	6.28546481192924	-0.265258316466323	-1.65155267758621	2.70515614910338	-0.958405497026268	2.6111271994551	-0.958405497026268	-0.0421147651521132	3.10203751352015	6.2498246762064	-0.958405497026268	-1.65155267758621	-0.958405497026268	-0.552940388918104	-1.65155267758621	1.34417959596778	-0.0421147651521132	-1.65155267758621	-1.65155267758621	-1.65155267758621	-1.65155267758621	-0.265258316466323	-1.65155267758621	0.427888864093622	0.2943574714691	-0.552940388918104	-1.65155267758621	-1.65155267758621	3.29008974502309	-1.65155267758621	-1.65155267758621	-1.65155267758621	-0.265258316466323	5.73986255708915	5.19751360504724	-0.0421147651521132	-0.0421147651521132	0.140206791641841	-0.0421147651521132	1.71574315240026	2.10964743810735	5.72182163232384	-1.65155267758621	1.87480784702995	-0.265258316466323	-1.65155267758621	-0.958405497026268	3.01188641652585	-1.65155267758621	-1.65155267758621	3.79948577597949	-1.65155267758621	4.48617437650002	3.6859854021151	-0.958405497026268	-1.65155267758621	1.12103604465357	2.13263695633205	-0.552940388918104	3.88578158943232	0.833353972201787	1.84495488388027	5.54812566810496	2.76728793021038	2.28027295513811	0.2943574714691	1.71574315240026	-1.65155267758621	-1.65155267758621	-1.65155267758621	-1.65155267758621	-0.265258316466323	0.746342595212157	-0.552940388918104	-1.65155267758621	4.32479823171172	0.2943574714691	-1.65155267758621	0.987504652029045	-1.65155267758621	1.64428418841812	-0.0421147651521132	7.68876277081172	2.82578413689199	-0.265258316466323	2.44279188463589	-1.65155267758621	-0.265258316466323	3.53023087270587	-1.65155267758621	2.98317631064342	3.42985168739825	-0.958405497026268	-0.552940388918104	2.53810206444021	-1.65155267758621	-1.65155267758621	-1.65155267758621	1.98603348214017	5.88214103226242	-1.65155267758621	3.91679182617488
SSH_4	0.989680505659764	3.67525785090992	1.32615274228098	-1.0252225148825	5.83334251990886	0.846579662019091	-1.71836969544245	5.08513556216589	-1.71836969544245	2.94506939866962	-1.71836969544245	3.76226922789955	-0.108931783008345	5.17630034399104	-1.71836969544245	-1.71836969544245	-1.0252225148825	-1.71836969544245	-0.619757406774336	0.679525577355925	-1.0252225148825	-1.71836969544245	-1.71836969544245	-1.0252225148825	4.1760331388224	-1.71836969544245	-0.619757406774336	-0.332075334322555	4.26051606945868	-0.619757406774336	-1.71836969544245	-1.0252225148825	-1.71836969544245	-0.332075334322555	0.5842153975516	4.49423640030907	-1.71836969544245	5.92415443879046	5.89198792287039	0.679525577355925	-1.71836969544245	0.679525577355925	-1.71836969544245	4.20588610197209	1.53972684257904	5.51868933068229	-1.71836969544245	1.61383481473276	-1.71836969544245	4.57319944411587	-1.71836969544245	2.66365693923144	-1.71836969544245	-1.71836969544245	3.59975029840177	-1.71836969544245	0.846579662019091	2.23287402313898	-1.71836969544245	-1.71836969544245	0.920687634172813	-0.619757406774336	-1.71836969544245	5.05471068021309	0.679525577355925	-1.71836969544245	6.67371368493095	2.70047091235415	1.77813786602403	1.64892613454403	2.77026667428969	-1.71836969544245	-1.71836969544245	-1.71836969544245	-0.619757406774336	4.32188501583497	1.4171245204867	-1.71836969544245	-1.71836969544245	-1.71836969544245	1.86514924301366	-1.0252225148825	0.846579662019091	1.05421902679734	-0.332075334322555	-1.71836969544245	6.52517581248581	2.25192221810968	-1.0252225148825	2.21345593728188	-1.0252225148825	1.68282768621971	0.679525577355925	-1.0252225148825	2.7924898110744	3.00012917585265	-0.108931783008345	-0.619757406774336	2.13177790626761	-1.0252225148825	-1.0252225148825	-1.71836969544245	1.61383481473276	5.97419995262546	5.12644578376582	3.63821657922957
SSH_5	1.42516476017012	-0.471955224715759	1.37387146578257	-1.57056751338387	3.83210986848841	1.06848981623139	-0.471955224715759	3.79072465232556	-1.57056751338387	2.70609860563219	-1.57056751338387	-0.471955224715759	2.78614131330572	7.60724966688675	-0.184273152263978	-0.877420332823923	-1.57056751338387	-0.471955224715759	-1.57056751338387	1.26264583067235	0.0388703990502319	-1.57056751338387	-1.57056751338387	-0.877420332823923	-1.57056751338387	-1.57056751338387	-1.57056751338387	-0.471955224715759	-0.471955224715759	-0.471955224715759	-1.57056751338387	-1.57056751338387	4.20398403216054	-0.471955224715759	-0.471955224715759	0.732017579610178	-0.877420332823923	3.44671232343106	4.50017021461862	0.827327759414502	-1.57056751338387	0.375342635671445	-1.57056751338387	1.95579301123229	1.56492670254528	6.79580278829779	-1.57056751338387	1.98478054810555	-0.184273152263978	4.15301758856851	-0.877420332823923	2.70609860563219	-1.57056751338387	-1.57056751338387	3.39924578619213	-1.57056751338387	1.26264583067235	5.29740689558642	0.0388703990502319	-0.184273152263978	-0.184273152263978	0.0388703990502319	-1.57056751338387	4.02414386621797	-0.184273152263978	3.62238933750634	4.09239296675208	2.64894019179224	1.47395492433955	-0.877420332823923	-0.471955224715759	-1.57056751338387	-1.57056751338387	-1.57056751338387	-1.57056751338387	3.17436461497938	0.626657063952351	-1.57056751338387	-1.57056751338387	4.60529975672189	0.375342635671445	-1.57056751338387	0.508874028295967	-1.57056751338387	4.9876302894284	4.1431652921255	5.91772600177556	-0.877420332823923	-0.184273152263978	2.76016582690246	-0.877420332823923	0.0388703990502319	0.508874028295967	-1.57056751338387	2.89534060527072	3.00414346511951	0.0388703990502319	-1.57056751338387	2.38067620519756	-0.184273152263978	-0.877420332823923	-1.57056751338387	1.95579301123229	7.34244440908873	-0.184273152263978	3.57692696342958
SSH_6	1.19543231729289	0.847125623024672	1.45326142659499	-1.63778102676333	7.82735659032886	1.30665795240311	5.99752285949609	1.85872653470315	-0.0283431143292279	3.19053271053897	-1.63778102676333	-0.251486665643438	2.70602439509036	7.30533328132846	-1.63778102676333	-1.63778102676333	-1.63778102676333	-0.539168738095218	-0.539168738095218	1.25259073113284	-0.944633846203383	-1.63778102676333	-1.63778102676333	-0.944633846203383	1.54027280358462	-1.63778102676333	0.153978442464727	-0.251486665643438	5.53923773914657	-0.539168738095218	4.03554224040816	-0.539168738095218	-1.63778102676333	-0.539168738095218	-1.63778102676333	-1.63778102676333	0.153978442464727	5.22497688628807	7.02299289313043	0.927168330698209	-0.944633846203383	0.664804066230718	-1.63778102676333	2.02578061936632	1.58109479810487	6.14377493247201	-1.63778102676333	2.19086036972577	-0.539168738095218	-1.63778102676333	-1.63778102676333	2.81656626949018	-0.539168738095218	-1.63778102676333	3.94194879922289	-1.63778102676333	3.9229006042522	5.92125722868006	-0.539168738095218	-1.63778102676333	0.847125623024672	-1.63778102676333	-1.63778102676333	6.58100612883815	1.07026917433888	-1.63778102676333	5.32066736653433	2.80487022972699	2.36955215846914	0.559443550572891	-0.944633846203383	0.153978442464727	-1.63778102676333	-1.63778102676333	-1.63778102676333	-0.944633846203383	0.664804066230718	-1.63778102676333	-1.63778102676333	3.1413424663482	1.00127630285193	-0.944633846203383	1.25259073113284	-1.63778102676333	0.927168330698209	-1.63778102676333	4.76081390777188	-0.539168738095218	-1.63778102676333	5.39660690315218	-1.63778102676333	-0.0283431143292279	2.23341998414456	-0.539168738095218	3.2674937516751	3.23741629643782	-1.63778102676333	-0.944633846203383	2.38757066397182	-1.63778102676333	-0.251486665643438	-1.63778102676333	1.88857949785283	6.92170507684316	-0.251486665643438	4.01119321139788
SSH_7	1.46560650981615	0.184672664354081	1.14018410938152	-0.731618067520074	6.10946307819407	1.06014140170798	-0.731618067520074	1.51967373108642	-0.32615295941191	3.39551631752502	-1.42476524808002	-1.42476524808002	-1.42476524808002	5.27596586146779	-1.42476524808002	-1.42476524808002	-1.42476524808002	-0.0384708869601287	-1.42476524808002	1.28328495302219	0.366994221148036	-1.42476524808002	-1.42476524808002	-0.731618067520074	-1.42476524808002	0.184672664354081	-0.0384708869601287	-0.731618067520074	0.7724593292562	0.366994221148036	-1.42476524808002	-1.42476524808002	-1.42476524808002	-1.42476524808002	-0.32615295941191	2.10159527653614	4.38036972083647	0.366994221148036	5.29424790630524	1.06014140170798	-1.42476524808002	1.28328495302219	0.184672664354081	2.15875369037609	1.90743926209518	5.02570517406416	-0.731618067520074	2.26411420603392	-0.731618067520074	-1.42476524808002	-1.42476524808002	3.00605155076329	-1.42476524808002	-1.42476524808002	4.07649296246471	-1.42476524808002	1.6662772052783	2.77992737131095	-0.731618067520074	-0.731618067520074	1.46560650981615	4.33097696550689	-1.42476524808002	3.73429005113451	1.28328495302219	-1.42476524808002	0.366994221148036	3.18040493790807	2.35942438583824	0.184672664354081	0.521144900975294	0.877819844914027	-1.42476524808002	-1.42476524808002	-1.42476524808002	-0.32615295941191	2.18615266456421	-1.42476524808002	4.6011007257453	-1.42476524808002	1.46560650981615	-0.32615295941191	1.51967373108642	-1.42476524808002	1.71072896784913	-1.42476524808002	5.0413794761576	-1.42476524808002	-0.32615295941191	2.6356777624664	-1.42476524808002	-0.731618067520074	0.877819844914027	-0.731618067520074	3.34591937638565	3.37925579665324	0.521144900975294	-0.32615295941191	2.48725775734813	0.184672664354081	0.366994221148036	-1.42476524808002	2.33643486761354	0.184672664354081	3.06387112165212	4.10068769105176
SSH_8	1.17936637447618	0.604002229572617	1.35121663140284	-1.5932223477636	5.87643182516853	1.11482785333861	-1.5932223477636	1.96212571372581	-0.494610059095493	3.09812553446554	-1.5932223477636	-1.5932223477636	0.0162155646704978	5.45690017250546	-1.5932223477636	-1.5932223477636	-0.900075167203657	-1.5932223477636	-0.206927986643712	1.23999099629261	0.0162155646704978	-0.900075167203657	-1.5932223477636	-0.206927986643712	-1.5932223477636	-1.5932223477636	-1.5932223477636	3.30461745218731	0.486219193916233	-0.206927986643712	-1.5932223477636	-1.5932223477636	-1.5932223477636	-1.5932223477636	0.0162155646704978	4.57847824964731	1.90328521370288	3.5066440800606	5.48511923179407	0.804672925034768	-0.900075167203657	1.54227186816555	-0.494610059095493	2.01769556488062	1.87251355503612	6.17868790867216	-1.5932223477636	2.23541904872549	1.87251355503612	7.03890538174473	-1.5932223477636	2.91763715875325	-1.5932223477636	-1.5932223477636	3.89157458572705	-1.5932223477636	0.604002229572617	2.56566073559607	-0.494610059095493	-0.900075167203657	1.11482785333861	-0.900075167203657	-1.5932223477636	4.12380535364262	-0.206927986643712	-1.5932223477636	0.709362745230443	2.89541402196854	2.09565710635033	0.0162155646704978	0.486219193916233	0.486219193916233	-1.5932223477636	-1.5932223477636	-0.206927986643712	-0.900075167203657	1.11482785333861	-1.5932223477636	-0.900075167203657	4.98045781919704	0.971727009697934	-1.5932223477636	0.486219193916233	-1.5932223477636	1.70261451824073	-0.494610059095493	5.91830230062726	7.072907956427	-1.5932223477636	4.41559083767899	-0.494610059095493	-0.494610059095493	0.804672925034768	-1.5932223477636	2.91763715875325	3.3696222824963	0.198537121464452	0.352687801291711	2.29859795034702	-0.900075167203657	0.0162155646704978	-1.5932223477636	2.29859795034702	4.35481264141704	-0.206927986643712	3.96745928325192
WH21_11	0.160621823849967	5.2054535756278	6.5015902093257	-0.445513979720348	8.22901908634512	2.90321983240607	-3.8467113613825	7.69646198874544	3.25661070114361	2.04493285044327	1.51926465363935	3.94522459555555	-2.46041700026261	3.12776754964254	-2.2372734489484	-3.8467113613825	-3.8467113613825	-2.05495189215445	-2.46041700026261	0.443748079765887	2.11943537774119	2.67685094476701	2.96563373279497	2.21007265184612	-3.8467113613825	-1.3618047115945	-1.3618047115945	-1.90080121232719	4.77141254861217	-2.2372734489484	-3.8467113613825	4.77249675544046	-3.8467113613825	4.98616809889511	-3.8467113613825	-3.8467113613825	2.8819172517022	5.98485045158204	4.70797027444473	0.247633200839597	-1.44881608858413	-0.263192422926394	2.22402636661999	6.21655386684601	0.607635934871003	-0.183149715252858	-3.8467113613825	1.26527642697404	-1.44881608858413	-3.8467113613825	-3.8467113613825	1.49562289058231	-3.8467113613825	2.0960880137442	3.32571321574234	3.57266922153619	4.18597351458512	4.95355328992783	-3.8467113613825	1.61712044364311	8.31644334466855	2.46320691684401	2.74496237062615	3.11742425103574	2.6240881424001	-2.05495189215445	-0.23579344873828	1.82316956159802	1.2095344439658	4.51218925103914	4.71831915944789	2.60691363751019	-3.8467113613825	-2.2372734489484	2.48122542234669	-2.05495189215445	5.43231516838213	2.83664958438377	-2.46041700026261	1.76276043380246	5.7045200413766	-2.74809907271439	-0.157831907268568	0.415968515658812	7.60647471483686	4.43754043623941	6.28780854388807	3.187676568533	3.79485307987847	3.07593253009338	4.51965894029915	2.45407443328074	3.52288935914391	2.77735386641739	2.04769147288235	2.31660344265214	3.29769581893863	-1.76726981970267	1.44155566931203	4.99328970446089	-1.07412263914272	-2.74809907271439	0.880676457329837	-2.2372734489484	3.20600968784982	4.39182556878927
WH21_12	-0.238210846632529	5.3020718254703	7.10390793050042	-4.84338103262062	7.7557163258594	2.81626192194406	3.19577635785262	6.3608702254184	2.88811099662506	1.26808630688206	4.27176915235181	2.44281068208176	-3.05162156339257	1.40272573286094	1.92626094423188	3.5317876587662	-4.84338103262062	-2.27843167515908	-3.45708667150073	-0.580701155579305	4.02868548078772	3.37405750510957	0.682071906511163	4.35468430847995	-4.84338103262062	-2.27843167515908	6.06693241295291	4.90216533184693	5.20039006536256	2.61653373362048	-0.525892919084311	2.29786408972987	2.66978251261345	3.20508771104826	-3.23394312018652	-4.84338103262062	-1.58528449459914	5.20438000907193	3.36728699854236	-0.594885790571261	1.13803317863386	-0.818029341885471	-3.23394312018652	5.40691797922983	-0.198990133479248	2.96005402433155	-2.89747088356531	0.429618525943126	3.31599370415481	2.41221024163304	1.21105831364875	0.833372769647661	1.35509768387169	2.71565722282276	2.08024759551781	1.62896526188028	3.23561722606453	2.8181460487379	2.80010187445658	-2.89747088356531	3.57332862021729	2.29150981894526	-3.05162156339257	3.66072691924696	2.74088378576844	-0.782938022074202	-1.37764512982089	0.940444149709116	0.268606755735923	3.53776331433234	3.95567734592583	-1.84764875906663	-4.84338103262062	-3.05162156339257	1.86957516805645	1.731694807979	5.49842596489462	3.2408730736867	-3.23394312018652	-4.84338103262062	6.13558664452657	1.86348130398213	-1.54754416661629	-3.45708667150073	5.6003647243652	5.11065703851341	3.71110794353931	-2.20432370300536	2.82704748957007	3.82154227081995	4.65281474446593	-2.13533083151841	2.65825342526279	4.79887161747857	1.25917756199295	1.47558708112581	1.14055524806657	6.39849657437831	0.728772999557144	5.62405576200377	-1.70788681669147	-2.89747088356531	0.206474974628916	2.4178440593513	4.24580813779141	2.55356757000039
WH21_13	0.748457462972818	6.27250327241651	5.79150300121983	4.31716131564379	10.0753408864564	0.687832841156383	-2.0847558810834	1.55283027864299	0.687832841156383	2.83522504474473	-2.0847558810834	5.97135377846166	-2.0847558810834	1.24744862909181	5.73889004975155	-1.39160870052345	-2.0847558810834	-0.698461519963507	-2.0847558810834	0.554301448531861	-0.698461519963507	-2.0847558810834	-2.0847558810834	5.02266959302731	-2.0847558810834	-2.0847558810834	-1.39160870052345	-2.0847558810834	-0.475317968649297	4.74395619055829	-2.0847558810834	-1.39160870052345	-2.0847558810834	-0.986143592415288	-0.475317968649297	-2.0847558810834	-0.138845732028084	5.71745343516372	6.71158305176233	0.313139391714973	-0.698461519963507	0.748457462972818	-2.0847558810834	6.03076500046337	0.959766556640025	-2.0847558810834	-2.0847558810834	1.7438855154057	-2.0847558810834	4.24674596881029	-2.0847558810834	2.25904954077029	-2.0847558810834	-2.0847558810834	3.5173629397963	-0.986143592415288	0.805615876812767	2.38115223757119	-2.0847558810834	-0.986143592415288	0.217829211910648	-0.986143592415288	4.14375512250779	5.30789163963823	0.217829211910648	-2.0847558810834	0.112468696252822	2.32196336618086	1.76539172062666	-0.475317968649297	-0.292996411855343	-2.0847558810834	-2.0847558810834	-1.39160870052345	-2.0847558810834	5.237754552914	6.13537807606846	3.11374115018243	-2.0847558810834	-2.0847558810834	6.86603625768478	-1.39160870052345	-0.00531433940356196	-2.0847558810834	0.805615876812767	4.64147752127535	6.73091094386282	-1.39160870052345	-0.475317968649297	1.92257730414907	4.31383905345181	-2.0847558810834	5.23046250866958	3.70214150028331	2.43703269596564	3.09139385149043	-2.0847558810834	-0.00531433940356196	2.11993673830757	5.80432852595212	0.217829211910648	-2.0847558810834	1.47059218040602	-2.0847558810834	6.2212223298839	4.89159218936435
WH21_14	0.853426988285489	6.0225513638076	6.00935396110468	5.07421264890709	9.37804472335219	4.35125120563672	-2.28206722764366	7.93121852290896	-1.36577649576951	2.45850759535063	1.83696994716881	-1.18345493897555	1.52459526212666	1.27328083384575	4.56434442109742	-2.97521440820361	-1.8766021195355	-2.97521440820361	-2.28206722764366	0.95661122452072	4.37272941494508	-2.97521440820361	4.61006667043552	-1.8766021195355	-2.97521440820361	-2.97521440820361	-1.18345493897555	-2.97521440820361	7.696666934267	-1.8766021195355	3.87385187442985	-2.97521440820361	-1.36577649576951	4.00764834326534	-2.97521440820361	-2.97521440820361	5.02312098774938	5.15396058870819	5.8171833341533	0.66237175152278	-1.36577649576951	0.320622457800723	-2.97521440820361	6.13253937499748	0.831448081566714	-1.58892004708372	-2.97521440820361	1.41923474646883	-1.8766021195355	-2.97521440820361	-2.97521440820361	1.8530993290987	-2.97521440820361	3.95430236256004	3.21714808127127	-1.8766021195355	0.895986602704285	4.59316485963292	-1.18345493897555	-2.97521440820361	6.03984074058676	-1.02930425914829	1.93744047753245	5.4238706947323	-0.0307754290371656	-2.97521440820361	0.160279807725544	1.87681585571601	1.21444033382282	3.66466142562293	3.03113875139813	-2.97521440820361	-1.8766021195355	-1.8766021195355	4.43149632197403	-1.58892004708372	5.0271451380491	-2.97521440820361	-1.8766021195355	-2.97521440820361	6.43069274731655	-1.58892004708372	-0.410265050742069	-2.28206722764366	6.33234341448794	4.80759285463609	5.02881709964909	4.72145267332286	5.9420962849942	7.47633674770332	0.160279807725544	-0.577319135405235	5.48095408137486	4.23855389991504	2.3671198437612	2.7218790783018	5.37592419888255	-0.67262931520956	1.79547021626206	-1.36577649576951	-0.89577286652377	-2.97521440820361	1.30145171081245	-1.58892004708372	4.30341453411708	3.12061015422862
WH21_15	0.482590829736404	5.19517602324145	6.15966766072475	5.51512299273195	9.03577383114994	3.69541061792756	4.1519412040423	7.31301669785582	4.20532466460217	2.0652585011059	4.30051047403136	4.88585265739891	-0.84864375420046	0.606643478406383	-1.5417909347604	-3.48770108381572	3.73705232195225	-3.48770108381572	-1.69594161458766	4.44609579099969	5.04890250112034	4.33273843144646	-2.38908879514761	-1.87826317138162	-3.48770108381572	-1.2904765064795	-1.87826317138162	5.62612838777962	6.67193917364157	4.59098714541415	-1.00279443402772	3.53427533925644	-2.38908879514761	-2.10140672269583	-3.48770108381572	-3.48770108381572	4.34550286482534	5.45318998396974	5.3944129603931	3.49330465690601	-1.69594161458766	-0.229604545794236	-3.48770108381572	7.33309668074803	0.273499031877845	3.10671237593406	-1.87826317138162	1.90137064600078	-1.69594161458766	-2.10140672269583	-3.48770108381572	1.37983336663986	-3.48770108381572	-2.79455390325577	2.67139430467621	-2.79455390325577	3.1310378997015	2.44719311180387	1.95903628785059	-2.10140672269583	4.82566086731868	-1.40825954213588	-2.10140672269583	5.38043062968731	3.10534345032672	-3.48770108381572	-0.396658630457402	4.14276017796791	0.881746768651304	5.74312795458778	5.4524041293124	-0.715112361575937	-3.48770108381572	-2.79455390325577	4.09707199379648	-1.5417909347604	6.454093302875	4.50591891101203	-3.48770108381572	-1.69594161458766	5.4318858371842	-1.69594161458766	-0.779650882713508	-3.48770108381572	3.56588464337796	5.0492947348967	0.589836360090002	-2.10140672269583	3.62136105187145	5.57738227550333	4.59932438685198	2.46554225047207	5.02186308043603	4.25209337459298	1.66559051068206	2.39840294763444	3.7231173696565	-1.5417909347604	1.11746910217237	5.19127076316314	-0.922751726354181	-3.48770108381572	0.746405420781542	-2.38908879514761	6.29874690661906	2.6839995135952
WH21_1	0.241081295609735	5.88799225931133	6.19470466537207	4.2214465544147	8.99621533343622	4.69769488178507	-2.37387848242646	6.22144790239312	6.77149661069736	1.97424660057174	3.46482331012911	3.44521483874073	-0.253614946226372	5.85811843327255	3.41404087143594	-3.47249077109457	-3.47249077109457	-2.08619640997468	-1.16990567810053	0.191070875035074	5.74948168511132	-3.47249077109457	-3.47249077109457	-2.37387848242646	-3.47249077109457	-1.68073130186652	5.79545791350192	3.76815892316089	2.89741021173365	-2.08619640997468	3.24289261524011	-2.37387848242646	-3.47249077109457	-1.68073130186652	-3.47249077109457	-3.47249077109457	3.60500728247466	5.15606488817513	5.695568208625	-0.0385035666094264	-1.68073130186652	-0.00675486829484617	-2.08619640997468	6.24074385432132	0.459334861629753	-1.16990567810053	5.07581341534672	0.958326027748741	-2.08619640997468	-2.08619640997468	4.6349280406254	1.61510556413781	-3.47249077109457	1.77978265695206	2.70545334295603	4.24708321816501	0.28870934459899	1.74786505398375	-2.08619640997468	-1.68073130186652	-0.214394233073091	4.83002294741959	-2.77934359053463	5.16727397270985	0.717163970931852	-3.47249077109457	-0.381448317736257	1.60268304413925	1.13267941489352	5.45322950246565	-1.0745954982962	3.96471559577672	0.638383093078739	3.94147951909587	2.50386013820336	3.90213824412437	6.78727164535895	-3.47249077109457	3.36269381505273	-3.47249077109457	5.12738778694027	-2.37387848242646	-1.0745954982962	-3.47249077109457	5.5520018343111	4.72477260031976	5.09215836147796	-1.27526619375835	1.66330766595569	4.58361888845049	-2.08619640997468	-1.0745954982962	5.12885972832839	3.45995712047794	1.96558853782862	2.28641100278271	3.63000858468008	-1.52658062203926	1.43278400734386	-0.699902048854792	-1.52658062203926	-3.47249077109457	0.970160485395744	3.94988292989225	6.44504760466422	2.68448821449098
WH21_2	2.16178100009122	1.24549026821707	3.48797143714141	-1.23941638157093	5.95426943682418	7.61923658797756	-1.23941638157093	1.06316871142311	-1.23941638157093	-1.23941638157093	-0.546269201010987	-1.23941638157093	1.93863744877701	0.706493767484381	-1.23941638157093	-0.546269201010987	-1.23941638157093	0.370021530863168	0.146877979548959	-1.23941638157093	0.552343087657123	-1.23941638157093	-1.23941638157093	-1.23941638157093	1.80510605615249	0.552343087657123	-1.23941638157093	-1.23941638157093	3.77121891252532	-1.23941638157093	-1.23941638157093	-1.23941638157093	-1.23941638157093	-1.23941638157093	-1.23941638157093	-1.23941638157093	-1.23941638157093	-1.23941638157093	-1.23941638157093	1.93863744877701	-1.23941638157093	-1.23941638157093	0.146877979548959	5.23447431478134	2.16178100009122	-1.23941638157093	-1.23941638157093	-1.23941638157093	-1.23941638157093	-1.23941638157093	-0.140804092902822	-1.23941638157093	2.39816977815545	-1.23941638157093	1.15847889122744	2.9037183448206	-1.23941638157093	5.40307041979632	-1.23941638157093	4.93852773247967	6.42961190701875	0.840025160108904	6.33872909084853	-1.23941638157093	2.0564204844334	-1.23941638157093	-1.23941638157093	1.93863744877701	2.85492818065117	2.67260662385721	-1.23941638157093	-1.23941638157093	-1.23941638157093	-1.23941638157093	2.67260662385721	-1.23941638157093	8.84480813962891	6.60443225658154	-1.23941638157093	-1.23941638157093	1.06316871142311	-1.23941638157093	0.146877979548959	-1.23941638157093	1.46863381953128	-1.23941638157093	-0.140804092902822	0.370021530863168	0.840025160108904	4.13586202611323	-1.23941638157093	-1.23941638157093	3.55637416402581	0.146877979548959	3.67323850416512	1.39964094804433	-1.23941638157093	-1.23941638157093	-1.23941638157093	-1.23941638157093	0.552343087657123	-1.23941638157093	-1.23941638157093	-1.23941638157093	-1.23941638157093	4.72416296204751
WH21_3	2.10743041198817	7.25985457835581	-1.58144904212576	-1.58144904212576	5.28756540853994	5.74961126309287	2.9183606282045	2.98289914934207	6.36162367515217	-1.58144904212576	-1.58144904212576	-1.58144904212576	-0.195154681005872	-1.58144904212576	-1.58144904212576	-1.58144904212576	1.55404517380339	-1.58144904212576	0.615775535210457	-1.58144904212576	4.74290992025555	-1.58144904212576	-1.58144904212576	-1.58144904212576	-1.58144904212576	-1.58144904212576	-1.58144904212576	-1.58144904212576	-1.58144904212576	-1.58144904212576	-1.58144904212576	-1.58144904212576	-1.58144904212576	-1.58144904212576	-1.58144904212576	-0.888301861565818	-1.58144904212576	1.75075546804944	-1.58144904212576	3.76088520983905	-1.58144904212576	0.210310427102292	-0.195154681005872	6.79418058496869	2.31037125598486	-1.58144904212576	1.19113968011402	-1.58144904212576	-1.58144904212576	-1.58144904212576	6.07062170399072	-1.58144904212576	-1.58144904212576	-1.58144904212576	-1.58144904212576	-1.58144904212576	2.2027405917925	-1.58144904212576	-1.58144904212576	-1.58144904212576	5.55821129383916	6.4768782644552	-1.58144904212576	-1.58144904212576	1.50959341123255	-0.195154681005872	-1.58144904212576	1.78584678786071	2.84936775671755	0.0279888703083373	5.67343576795158	-1.58144904212576	5.45381955715533	6.54713615824873	-1.58144904212576	4.88469568211186	5.77865493086339	-0.888301861565818	-1.58144904212576	-1.58144904212576	5.23638152932839	-1.58144904212576	-1.58144904212576	-1.58144904212576	5.67131337592742	-1.58144904212576	0.210310427102292	0.36446110692955	6.37572828133371	-1.58144904212576	1.3089227157704	-1.58144904212576	-1.58144904212576	6.11884616129435	3.41576323163835	1.88428686067396	-1.58144904212576	-1.58144904212576	-1.58144904212576	-1.58144904212576	0.615775535210457	-1.58144904212576	-1.58144904212576	-1.58144904212576	-1.58144904212576	4.58396881210566
WH21_4	0.711554137955885	4.68263190616535	4.04177255015946	-1.95567406862607	9.07280801385229	2.94514635946298	3.13561912848764	5.28311008731121	2.2870904987143	2.13198150544523	2.79273028544793	4.5625878717576	3.73940396539999	3.84583989452347	-2.46649969239206	2.79099567963572	2.63539719298252	-1.95567406862607	-1.36788740372395	0.386131737521258	0.75237613247614	2.54857019877206	-3.56511198106017	-2.87196480050022	-3.56511198106017	-3.56511198106017	-1.36788740372395	-1.26252688806612	3.35259362877513	4.10485001441341	-3.56511198106017	2.45591136828936	-2.46649969239206	5.32832345978733	-1.77335251183211	-3.56511198106017	-1.26252688806612	6.02195103015852	4.9460631380305	0.219077652858091	-2.17881761994028	-0.0097639195707564	-1.61920183200486	6.86189034635794	0.609275288835467	3.28713058799171	3.99756926566171	1.34016279737826	4.04623573634345	-2.46649969239206	2.67125760914353	1.68191209110032	3.20107973360018	-3.56511198106017	2.86943453772728	-2.87196480050022	0.46023970967498	1.79618018464926	0.92352438867197	-1.48567043938033	-0.569379707506179	-1.36788740372395	3.88030557564152	4.43724756519254	5.1135195562336	-2.46649969239206	3.92037962697058	1.75300801278405	1.4116217613604	5.81867736920637	4.1146016589062	-0.792523258820389	-2.46649969239206	4.5625878717576	3.57692459364663	3.65891282722566	6.71142078832801	-2.46649969239206	-2.46649969239206	-3.56511198106017	4.98396739921839	4.48367630247403	-0.731898637003954	5.15224268527835	5.57577112590079	-1.08020533127217	4.31000729998012	-1.48567043938033	5.53463196957399	4.45351348398558	2.64347804503646	-1.95567406862607	4.21686125337421	-3.56511198106017	2.22484818983708	2.38813135322761	5.71428792684751	-1.00016262359863	1.60537201397798	-3.56511198106017	-0.792523258820389	-3.56511198106017	1.18847821004619	-1.77335251183211	4.1974840674799	2.91032073564392
WH21_5	0.507085642765573	5.0767686777158	7.19213646320735	4.89416704810108	9.72030025852115	3.03389478420758	-2.00521998121054	7.48358511366781	3.91546438383639	2.2943304316391	4.55013691060012	4.68810368705941	2.76546464325512	4.34158528682304	-1.71753790875876	-3.10383226987865	-3.10383226987865	-1.49439435744455	-1.49439435744455	0.724809126610444	-1.15792212082334	3.91992668485979	-2.41068508931871	-2.00521998121054	3.70410267382127	-2.00521998121054	-1.3120728006506	5.45967182440084	6.21347732309477	5.91231637273309	1.51128824696261	-3.10383226987865	-1.02439072819882	-3.10383226987865	-3.10383226987865	-3.10383226987865	-0.906607692542432	6.0677672737811	4.68851665423439	0.68035736403961	-1.49439435744455	-0.0127898165203351	5.1989293108254	7.17980258278135	0.479686668577459	-1.02439072819882	-3.10383226987865	1.56899656458325	-3.10383226987865	-3.10383226987865	-3.10383226987865	1.63236617851584	-3.10383226987865	-3.10383226987865	4.78036766379739	2.83106192574094	4.38334142433509	6.67324135780182	-3.10383226987865	-1.71753790875876	4.1317868711881	4.59691552463315	-2.00521998121054	4.56612972559493	0.192004596125678	-3.10383226987865	-0.0593098321552281	1.81614865594947	1.23997315197503	3.7237969646242	1.54055862926272	-0.801247176884605	-3.10383226987865	-3.10383226987865	-2.00521998121054	5.01228616173071	7.46494296633834	-2.00521998121054	-3.10383226987865	-2.41068508931871	4.07927943186463	-1.02439072819882	-0.538882912417114	-3.10383226987865	4.95449503670231	1.88660031690008	1.00704159429466	-1.15792212082334	4.67688861623927	5.31948970592751	2.96921226422175	2.38510545627804	3.38537266144667	3.62120137228819	2.26680575824901	2.6423709206615	-1.49439435744455	-0.801247176884605	1.74819799404097	-0.906607692542432	-1.02439072819882	-2.41068508931871	1.21365584365766	-3.10383226987865	3.3638664562257	3.0864831359745
WH21_6	0.966385420975297	6.3753493076104	5.61716611821544	-1.04851759956697	9.5832670723119	1.03092394211287	-1.04851759956697	5.90659825077501	-0.355370419007023	2.49244172447035	-1.74166478012691	-0.643052491458804	-1.74166478012691	1.39382943580224	-0.643052491458804	-0.643052491458804	-1.04851759956697	-0.643052491458804	-0.643052491458804	0.823284577334623	-0.355370419007023	-1.04851759956697	-1.04851759956697	-1.74166478012691	-1.74166478012691	-1.74166478012691	-0.355370419007023	-0.643052491458804	0.0500946891011416	5.94449752336599	6.21446157108659	2.88330803315736	-1.74166478012691	-1.74166478012691	0.0500946891011416	-1.74166478012691	-0.355370419007023	0.337776761552922	6.18710154149978	0.560920312867133	-1.04851759956697	0.823284577334623	-0.643052491458804	1.75484278133957	1.0915485639293	-1.74166478012691	-1.74166478012691	2.10848282158315	-0.132226867692813	-1.74166478012691	-0.355370419007023	2.62778307234011	-1.74166478012691	-1.74166478012691	3.75959343041781	-1.74166478012691	1.39382943580224	2.60214064172677	-1.74166478012691	-1.04851759956697	8.13967940772352	-0.355370419007023	-1.74166478012691	7.28954892595183	0.560920312867133	-1.74166478012691	0.0500946891011416	2.5758233334094	1.8418541583292	5.11268972212811	0.2042453689284	-1.74166478012691	1.30285765759651	-1.74166478012691	-1.74166478012691	-0.132226867692813	2.40146994626462	-1.74166478012691	-1.74166478012691	-1.74166478012691	6.69323316856249	-1.74166478012691	-1.74166478012691	-1.74166478012691	6.3913354384567	-0.643052491458804	6.91598576398458	-0.643052491458804	-1.74166478012691	1.8418541583292	-1.04851759956697	-1.74166478012691	5.85422513759162	-1.74166478012691	2.90272611901446	3.29528782228672	0.2042453689284	-0.643052491458804	2.06499770964341	5.20819167487386	0.2042453689284	-1.04851759956697	1.30285765759651	-0.355370419007023	-0.355370419007023	3.81516328157262
WH21_8	-0.259067044644223	4.34150927233364	5.9363582343612	-3.43712087499217	7.32942539482118	-0.729070673889959	1.17799964184909	5.25335312856587	-2.74397369443222	0.98171973280443	3.56047510798976	3.56321358528306	-3.43712087499217	6.04804426743324	-3.43712087499217	3.33137233665646	0.98171973280443	5.42607046569869	-3.43712087499217	-0.492681895825728	-2.05082651387228	-3.43712087499217	-3.43712087499217	4.35109068285491	-3.43712087499217	-2.33850858632406	-2.33850858632406	3.87942730219081	5.63556533168522	3.25744118352893	3.03676982136011	-3.43712087499217	-3.43712087499217	1.8955979182732	4.81166985870424	-3.43712087499217	3.64961705951841	5.49865106367762	4.8093129111682	-0.664532152752388	-3.43712087499217	-1.0392256021938	-1.82768296255807	5.30113370153395	2.10805656948739	-2.74397369443222	-3.43712087499217	0.251758579121768	0.0593866864743116	-2.33850858632406	-2.33850858632406	0.533171038559953	2.21185336316904	-3.43712087499217	6.1157448053183	-3.43712087499217	-0.259067044644223	5.48473710436146	-3.43712087499217	1.28137799630293	-0.729070673889959	-3.43712087499217	4.78301308215969	4.05953156317611	-1.49121072593686	-3.43712087499217	3.57948880890205	3.54016046663858	0.226440771137478	2.92245299368021	3.49239589577148	-3.43712087499217	-0.603907530935953	-2.74397369443222	3.5050358307073	5.35649119659714	5.73614048874259	3.453488245155	2.74702801594531	-3.43712087499217	5.41625879793547	2.68317654395878	-1.0392256021938	-3.43712087499217	5.16625001266512	-2.05082651387228	4.3889231385268	3.41088439958419	4.63970515630664	3.89655552066552	2.82246058907275	-0.546749117096004	2.84140054917368	3.46562186216642	1.19760811323747	1.38316069061287	4.067821193404	-3.43712087499217	0.640416568913551	4.40003877500951	-2.05082651387228	-3.43712087499217	3.24373380379805	2.95814072312328	3.15318017320452	2.44061490678747
WH21_9	0.745702466452656	5.59247492545981	5.03841120564404	4.9355647419446	8.41983629094864	0.367266030732411	-2.15846261357584	8.33627781183889	3.08063539331222	2.27532595565663	-1.93531906226163	6.11538431920866	2.30744550507874	0.659935644695231	3.96403019593854	3.61141966278488	3.23288961893938	-1.59884682564042	-1.93531906226163	0.689349529901525	2.12512394828478	0.785976365590596	3.83112517351928	-2.44614468602763	-3.54475697469573	-1.59884682564042	-1.93531906226163	-3.54475697469573	3.12980441711869	4.37822898401546	-3.54475697469573	4.48271955616475	-3.54475697469573	4.08473294169826	-3.54475697469573	-2.44614468602763	2.24520319620152	5.75414357425993	3.83736739104178	0.347063323414892	-3.54475697469573	0.239432659222526	-1.93531906226163	8.58988411388412	0.837269659978146	3.03310438302531	2.96847313621657	1.42505632488027	5.01204147131286	-2.44614468602763	-2.44614468602763	1.79278110500558	-3.54475697469573	4.39368857646905	3.97872433787776	2.63111029541003	0.614126108663937	1.93588194864626	4.61576127278177	-1.59884682564042	6.40604346089101	-1.59884682564042	-3.54475697469573	3.52170999544122	2.99627302449417	-1.93531906226163	-0.366703144347789	1.90198039697058	1.17374189659936	3.74074957382705	4.65690321611294	-0.500234536972312	2.52135111540801	-3.54475697469573	4.50243258747477	-1.4653154330159	5.87414109026624	-3.54475697469573	-3.54475697469573	-1.93531906226163	6.77473989982423	-1.05985032490773	-0.325881149827534	1.93588194864626	4.36986073434494	3.7863033305229	0.689349529901525	-1.93531906226163	5.69805058741795	4.61633253815006	3.76512451112905	-0.979807617234198	5.36785098897517	-2.15846261357584	2.07201412297084	2.67781929337563	-1.14686170189736	-1.34753239735952	1.61429832451879	-1.34753239735952	-0.711543630639519	-3.54475697469573	-0.549024701141744	3.27961669534735	6.28567589693448	5.20545088782998
